<?xml version="1.0" encoding="UTF-8"?>
<!--
Created with Funkin Packer v0.1.3 https://neeeoo.github.io/funkin-packer/
-->
<TextureAtlas imagePath="background.png" width="1442" height="1624">
	<SubTexture name="background idle0000" x="0.25" y="0.25" width="480" height="270" frameX="-0" frameY="-0" frameWidth="480" frameHeight="270"/>
	<SubTexture name="background idle0001" x="481" y="0.25" width="480" height="270" frameX="-0" frameY="-0" frameWidth="480" frameHeight="270"/>
	<SubTexture name="background idle0002" x="961.75" y="0.25" width="480" height="270" frameX="-0" frameY="-0" frameWidth="480" frameHeight="270"/>
	<SubTexture name="background idle0003" x="0.25" y="271" width="480" height="270" frameX="-0" frameY="-0" frameWidth="480" frameHeight="270"/>
	<SubTexture name="background idle0004" x="481" y="271" width="480" height="270" frameX="-0" frameY="-0" frameWidth="480" frameHeight="270"/>
	<SubTexture name="background idle0005" x="961.75" y="271" width="480" height="270" frameX="-0" frameY="-0" frameWidth="480" frameHeight="270"/>
	<SubTexture name="background idle0006" x="0.25" y="541.75" width="480" height="270" frameX="-0" frameY="-0" frameWidth="480" frameHeight="270"/>
	<SubTexture name="background idle0007" x="481" y="541.75" width="480" height="270" frameX="-0" frameY="-0" frameWidth="480" frameHeight="270"/>
	<SubTexture name="background idle0008" x="961.75" y="541.75" width="480" height="270" frameX="-0" frameY="-0" frameWidth="480" frameHeight="270"/>
	<SubTexture name="background idle0009" x="0.25" y="812.5" width="480" height="270" frameX="-0" frameY="-0" frameWidth="480" frameHeight="270"/>
	<SubTexture name="background idle0010" x="481" y="812.5" width="480" height="270" frameX="-0" frameY="-0" frameWidth="480" frameHeight="270"/>
	<SubTexture name="background idle0011" x="961.75" y="812.5" width="480" height="270" frameX="-0" frameY="-0" frameWidth="480" frameHeight="270"/>
	<SubTexture name="background idle0012" x="0.25" y="1083.25" width="480" height="270" frameX="-0" frameY="-0" frameWidth="480" frameHeight="270"/>
	<SubTexture name="background idle0013" x="481" y="1083.25" width="480" height="270" frameX="-0" frameY="-0" frameWidth="480" frameHeight="270"/>
	<SubTexture name="background idle0014" x="961.75" y="1083.25" width="480" height="270" frameX="-0" frameY="-0" frameWidth="480" frameHeight="270"/>
	<SubTexture name="background idle0015" x="0.25" y="1354" width="480" height="270" frameX="-0" frameY="-0" frameWidth="480" frameHeight="270"/>
	<SubTexture name="background idle0016" x="481" y="1354" width="480" height="270" frameX="-0" frameY="-0" frameWidth="480" frameHeight="270"/>
</TextureAtlas>