﻿<?xml version="1.0" encoding="utf-8"?>
<TextureAtlas imagePath="alphabet.png">
	<!-- Created with Adobe Animate version 21.0.6.41649 -->
	<!-- http://www.adobe.com/products/animate.html -->
	<SubTexture name="# normal instance 10000" x="514" y="517" width="39" height="45"/>
	<SubTexture name="# normal instance 10001" x="514" y="517" width="39" height="45"/>
	<SubTexture name="# normal instance 10002" x="435" y="521" width="39" height="45"/>
	<SubTexture name="# normal instance 10003" x="435" y="521" width="39" height="45"/>
	<SubTexture name="$ normal instance 10000" x="228" y="299" width="40" height="64"/>
	<SubTexture name="$ normal instance 10001" x="228" y="299" width="40" height="64"/>
	<SubTexture name="$ normal instance 10002" x="952" y="332" width="40" height="63" frameX="0" frameY="-1" frameWidth="40" frameHeight="64"/>
	<SubTexture name="$ normal instance 10003" x="952" y="332" width="40" height="63" frameX="0" frameY="-1" frameWidth="40" frameHeight="64"/>
	<SubTexture name="% normal instance 10000" x="654" y="340" width="46" height="52"/>
	<SubTexture name="% normal instance 10001" x="654" y="340" width="46" height="52"/>
	<SubTexture name="% normal instance 10002" x="44" y="344" width="46" height="52"/>
	<SubTexture name="% normal instance 10003" x="44" y="344" width="46" height="52"/>
	<SubTexture name="& bold instance 10000" x="887" y="133" width="47" height="70"/>
	<SubTexture name="& bold instance 10001" x="887" y="133" width="47" height="70"/>
	<SubTexture name="& bold instance 10002" x="763" y="136" width="47" height="70"/>
	<SubTexture name="& bold instance 10003" x="763" y="136" width="47" height="70"/>
	<SubTexture name="& normal instance 10000" x="597" y="411" width="36" height="58"/>
	<SubTexture name="& normal instance 10001" x="597" y="411" width="36" height="58"/>
	<SubTexture name="& normal instance 10002" x="2" y="413" width="36" height="58"/>
	<SubTexture name="& normal instance 10003" x="2" y="413" width="36" height="58"/>
	<SubTexture name="( bold instance 10000" x="616" y="213" width="38" height="76"/>
	<SubTexture name="( bold instance 10001" x="616" y="213" width="38" height="76"/>
	<SubTexture name="( bold instance 10002" x="197" y="218" width="38" height="75" frameX="0" frameY="-1" frameWidth="38" frameHeight="76"/>
	<SubTexture name="( bold instance 10003" x="197" y="218" width="38" height="75" frameX="0" frameY="-1" frameWidth="38" frameHeight="76"/>
	<SubTexture name="( normal instance 10000" x="622" y="560" width="27" height="57"/>
	<SubTexture name="( normal instance 10001" x="622" y="560" width="27" height="57"/>
	<SubTexture name="( normal instance 10002" x="36" y="563" width="27" height="57"/>
	<SubTexture name="( normal instance 10003" x="36" y="563" width="27" height="57"/>
	<SubTexture name=") bold instance 10000" x="347" y="214" width="38" height="76"/>
	<SubTexture name=") bold instance 10001" x="347" y="214" width="38" height="76"/>
	<SubTexture name=") bold instance 10002" x="237" y="222" width="38" height="75" frameX="0" frameY="-1" frameWidth="38" frameHeight="76"/>
	<SubTexture name=") bold instance 10003" x="237" y="222" width="38" height="75" frameX="0" frameY="-1" frameWidth="38" frameHeight="76"/>
	<SubTexture name=") normal instance 10000" x="92" y="564" width="27" height="56"/>
	<SubTexture name=") normal instance 10001" x="92" y="564" width="27" height="56"/>
	<SubTexture name=") normal instance 10002" x="903" y="564" width="26" height="55" frameX="-1" frameY="-1" frameWidth="27" frameHeight="56"/>
	<SubTexture name=") normal instance 10003" x="903" y="564" width="26" height="55" frameX="-1" frameY="-1" frameWidth="27" frameHeight="56"/>
	<SubTexture name="* bold instance 10000" x="212" y="565" width="35" height="41"/>
	<SubTexture name="* bold instance 10001" x="212" y="565" width="35" height="41"/>
	<SubTexture name="* bold instance 10002" x="683" y="569" width="35" height="41"/>
	<SubTexture name="* bold instance 10003" x="683" y="569" width="35" height="41"/>
	<SubTexture name="* normal instance 10000" x="600" y="655" width="27" height="32"/>
	<SubTexture name="* normal instance 10001" x="600" y="655" width="27" height="32"/>
	<SubTexture name="* normal instance 10002" x="52" y="662" width="26" height="31" frameX="0" frameY="-1" frameWidth="27" frameHeight="32"/>
	<SubTexture name="* normal instance 10003" x="52" y="662" width="26" height="31" frameX="0" frameY="-1" frameWidth="27" frameHeight="32"/>
	<SubTexture name="+ bold instance 10000" x="415" y="339" width="51" height="48"/>
	<SubTexture name="+ bold instance 10001" x="415" y="339" width="51" height="48"/>
	<SubTexture name="+ bold instance 10002" x="894" y="340" width="51" height="48"/>
	<SubTexture name="+ bold instance 10003" x="894" y="340" width="51" height="48"/>
	<SubTexture name="+ normal instance 10000" x="140" y="527" width="43" height="40"/>
	<SubTexture name="+ normal instance 10001" x="140" y="527" width="43" height="40"/>
	<SubTexture name="+ normal instance 10002" x="772" y="555" width="42" height="39" frameX="0" frameY="0" frameWidth="43" frameHeight="40"/>
	<SubTexture name="+ normal instance 10003" x="772" y="555" width="42" height="39" frameX="0" frameY="0" frameWidth="43" frameHeight="40"/>
	<SubTexture name="- bold instance 10000" x="189" y="647" width="47" height="20"/>
	<SubTexture name="- bold instance 10001" x="189" y="647" width="47" height="20"/>
	<SubTexture name="- bold instance 10002" x="824" y="651" width="47" height="20"/>
	<SubTexture name="- bold instance 10003" x="824" y="651" width="47" height="20"/>
	<SubTexture name="- normal instance 10000" x="342" y="664" width="37" height="13" frameX="0" frameY="-1" frameWidth="37" frameHeight="14"/>
	<SubTexture name="- normal instance 10001" x="342" y="664" width="37" height="13" frameX="0" frameY="-1" frameWidth="37" frameHeight="14"/>
	<SubTexture name="- normal instance 10002" x="567" y="330" width="36" height="14" frameX="-1" frameY="0" frameWidth="37" frameHeight="14"/>
	<SubTexture name="- normal instance 10003" x="567" y="330" width="36" height="14" frameX="-1" frameY="0" frameWidth="37" frameHeight="14"/>
	<SubTexture name="0 bold instance 10000" x="54" y="147" width="46" height="66"/>
	<SubTexture name="0 bold instance 10001" x="54" y="147" width="46" height="66"/>
	<SubTexture name="0 bold instance 10002" x="912" y="208" width="46" height="65" frameX="0" frameY="-1" frameWidth="46" frameHeight="66"/>
	<SubTexture name="0 bold instance 10003" x="912" y="208" width="46" height="65" frameX="0" frameY="-1" frameWidth="46" frameHeight="66"/>
	<SubTexture name="0 normal instance 10000" x="140" y="471" width="35" height="54"/>
	<SubTexture name="0 normal instance 10001" x="140" y="471" width="35" height="54"/>
	<SubTexture name="0 normal instance 10002" x="177" y="471" width="35" height="54"/>
	<SubTexture name="0 normal instance 10003" x="177" y="471" width="35" height="54"/>
	<SubTexture name="1 bold instance 10000" x="407" y="444" width="31" height="65" frameX="0" frameY="0" frameWidth="32" frameHeight="65"/>
	<SubTexture name="1 bold instance 10001" x="407" y="444" width="31" height="65" frameX="0" frameY="0" frameWidth="32" frameHeight="65"/>
	<SubTexture name="1 bold instance 10002" x="987" y="140" width="32" height="65"/>
	<SubTexture name="1 bold instance 10003" x="987" y="140" width="32" height="65"/>
	<SubTexture name="1 normal instance 10000" x="393" y="608" width="23" height="53"/>
	<SubTexture name="1 normal instance 10001" x="393" y="608" width="23" height="53"/>
	<SubTexture name="1 normal instance 10002" x="510" y="608" width="23" height="53"/>
	<SubTexture name="1 normal instance 10003" x="510" y="608" width="23" height="53"/>
	<SubTexture name="2 bold instance 10000" x="960" y="208" width="47" height="63" frameX="0" frameY="-1" frameWidth="47" frameHeight="64"/>
	<SubTexture name="2 bold instance 10001" x="960" y="208" width="47" height="63" frameX="0" frameY="-1" frameWidth="47" frameHeight="64"/>
	<SubTexture name="2 bold instance 10002" x="710" y="208" width="47" height="64"/>
	<SubTexture name="2 bold instance 10003" x="710" y="208" width="47" height="64"/>
	<SubTexture name="2 normal instance 10000" x="912" y="454" width="37" height="52" frameX="0" frameY="0" frameWidth="37" frameHeight="53"/>
	<SubTexture name="2 normal instance 10001" x="912" y="454" width="37" height="52" frameX="0" frameY="0" frameWidth="37" frameHeight="53"/>
	<SubTexture name="2 normal instance 10002" x="214" y="455" width="37" height="52" frameX="0" frameY="-1" frameWidth="37" frameHeight="53"/>
	<SubTexture name="2 normal instance 10003" x="214" y="455" width="37" height="52" frameX="0" frameY="-1" frameWidth="37" frameHeight="53"/>
	<SubTexture name="3 bold instance 10000" x="755" y="278" width="42" height="64"/>
	<SubTexture name="3 bold instance 10001" x="755" y="278" width="42" height="64"/>
	<SubTexture name="3 bold instance 10002" x="140" y="294" width="41" height="63" frameX="0" frameY="-1" frameWidth="42" frameHeight="64"/>
	<SubTexture name="3 bold instance 10003" x="140" y="294" width="41" height="63" frameX="0" frameY="-1" frameWidth="42" frameHeight="64"/>
	<SubTexture name="3 normal instance 10000" x="440" y="463" width="34" height="56"/>
	<SubTexture name="3 normal instance 10001" x="440" y="463" width="34" height="56"/>
	<SubTexture name="3 normal instance 10002" x="653" y="507" width="34" height="55" frameX="0" frameY="-1" frameWidth="34" frameHeight="56"/>
	<SubTexture name="3 normal instance 10003" x="653" y="507" width="34" height="55" frameX="0" frameY="-1" frameWidth="34" frameHeight="56"/>
	<SubTexture name="4 bold instance 10000" x="907" y="275" width="43" height="63" frameX="0" frameY="-1" frameWidth="43" frameHeight="64"/>
	<SubTexture name="4 bold instance 10001" x="907" y="275" width="43" height="63" frameX="0" frameY="-1" frameWidth="43" frameHeight="64"/>
	<SubTexture name="4 bold instance 10002" x="277" y="279" width="42" height="64" frameX="-1" frameY="0" frameWidth="43" frameHeight="64"/>
	<SubTexture name="4 bold instance 10003" x="277" y="279" width="42" height="64" frameX="-1" frameY="0" frameWidth="43" frameHeight="64"/>
	<SubTexture name="4 normal instance 10000" x="635" y="449" width="36" height="55"/>
	<SubTexture name="4 normal instance 10001" x="635" y="449" width="36" height="55"/>
	<SubTexture name="4 normal instance 10002" x="40" y="451" width="36" height="55"/>
	<SubTexture name="4 normal instance 10003" x="40" y="451" width="36" height="55"/>
	<SubTexture name="5 bold instance 10000" x="54" y="81" width="52" height="64" frameX="-1" frameY="0" frameWidth="53" frameHeight="64"/>
	<SubTexture name="5 bold instance 10001" x="54" y="81" width="52" height="64" frameX="-1" frameY="0" frameWidth="53" frameHeight="64"/>
	<SubTexture name="5 bold instance 10002" x="108" y="81" width="52" height="64" frameX="0" frameY="0" frameWidth="53" frameHeight="64"/>
	<SubTexture name="5 bold instance 10003" x="108" y="81" width="52" height="64" frameX="0" frameY="0" frameWidth="53" frameHeight="64"/>
	<SubTexture name="5 normal instance 10000" x="415" y="389" width="42" height="53"/>
	<SubTexture name="5 normal instance 10001" x="415" y="389" width="42" height="53"/>
	<SubTexture name="5 normal instance 10002" x="894" y="390" width="42" height="53"/>
	<SubTexture name="5 normal instance 10003" x="894" y="390" width="42" height="53"/>
	<SubTexture name="6 bold instance 10000" x="549" y="72" width="52" height="68"/>
	<SubTexture name="6 bold instance 10001" x="549" y="72" width="52" height="68"/>
	<SubTexture name="6 bold instance 10002" x="2" y="81" width="50" height="67" frameX="-1" frameY="0" frameWidth="52" frameHeight="68"/>
	<SubTexture name="6 bold instance 10003" x="2" y="81" width="50" height="67" frameX="-1" frameY="0" frameWidth="52" frameHeight="68"/>
	<SubTexture name="6 normal instance 10000" x="827" y="394" width="40" height="55"/>
	<SubTexture name="6 normal instance 10001" x="827" y="394" width="40" height="55"/>
	<SubTexture name="6 normal instance 10002" x="555" y="407" width="40" height="53" frameX="0" frameY="-1" frameWidth="40" frameHeight="55"/>
	<SubTexture name="6 normal instance 10003" x="555" y="407" width="40" height="53" frameX="0" frameY="-1" frameWidth="40" frameHeight="55"/>
	<SubTexture name="7 bold instance 10000" x="812" y="140" width="51" height="64"/>
	<SubTexture name="7 bold instance 10001" x="812" y="140" width="51" height="64"/>
	<SubTexture name="7 bold instance 10002" x="710" y="144" width="50" height="62" frameX="-1" frameY="-1" frameWidth="51" frameHeight="64"/>
	<SubTexture name="7 bold instance 10003" x="710" y="144" width="50" height="62" frameX="-1" frameY="-1" frameWidth="51" frameHeight="64"/>
	<SubTexture name="7 normal instance 10000" x="171" y="419" width="41" height="50"/>
	<SubTexture name="7 normal instance 10001" x="171" y="419" width="41" height="50"/>
	<SubTexture name="7 normal instance 10002" x="869" y="445" width="41" height="49" frameX="0" frameY="0" frameWidth="41" frameHeight="50"/>
	<SubTexture name="7 normal instance 10003" x="869" y="445" width="41" height="49" frameX="0" frameY="0" frameWidth="41" frameHeight="50"/>
	<SubTexture name="8 bold instance 10000" x="142" y="225" width="42" height="67"/>
	<SubTexture name="8 bold instance 10001" x="142" y="225" width="42" height="67"/>
	<SubTexture name="8 bold instance 10002" x="479" y="281" width="41" height="65" frameX="-1" frameY="-1" frameWidth="42" frameHeight="67"/>
	<SubTexture name="8 bold instance 10003" x="479" y="281" width="41" height="65" frameX="-1" frameY="-1" frameWidth="42" frameHeight="67"/>
	<SubTexture name="8 normal instance 10000" x="980" y="451" width="34" height="57"/>
	<SubTexture name="8 normal instance 10001" x="980" y="451" width="34" height="57"/>
	<SubTexture name="8 normal instance 10002" x="78" y="452" width="34" height="57"/>
	<SubTexture name="8 normal instance 10003" x="78" y="452" width="34" height="57"/>
	<SubTexture name="9 bold instance 10000" x="612" y="143" width="47" height="68"/>
	<SubTexture name="9 bold instance 10001" x="612" y="143" width="47" height="68"/>
	<SubTexture name="9 bold instance 10002" x="150" y="156" width="45" height="67" frameX="-1" frameY="-1" frameWidth="47" frameHeight="68"/>
	<SubTexture name="9 bold instance 10003" x="150" y="156" width="45" height="67" frameX="-1" frameY="-1" frameWidth="47" frameHeight="68"/>
	<SubTexture name="9 normal instance 10000" x="357" y="452" width="34" height="57" frameX="-1" frameY="0" frameWidth="35" frameHeight="57"/>
	<SubTexture name="9 normal instance 10001" x="357" y="452" width="34" height="57" frameX="-1" frameY="0" frameWidth="35" frameHeight="57"/>
	<SubTexture name="9 normal instance 10002" x="499" y="446" width="35" height="57"/>
	<SubTexture name="9 normal instance 10003" x="499" y="446" width="35" height="57"/>
	<SubTexture name=": normal instance 10000" x="418" y="75" width="14" height="40"/>
	<SubTexture name=": normal instance 10001" x="418" y="75" width="14" height="40"/>
	<SubTexture name=": normal instance 10002" x="277" y="222" width="14" height="40"/>
	<SubTexture name=": normal instance 10003" x="277" y="222" width="14" height="40"/>
	<SubTexture name="; normal instance 10000" x="865" y="140" width="16" height="44"/>
	<SubTexture name="; normal instance 10001" x="865" y="140" width="16" height="44"/>
	<SubTexture name="; normal instance 10002" x="387" y="214" width="16" height="44"/>
	<SubTexture name="; normal instance 10003" x="387" y="214" width="16" height="44"/>
	<SubTexture name="< bold instance 10000" x="2" y="2" width="50" height="77"/>
	<SubTexture name="< bold instance 10001" x="2" y="2" width="50" height="77"/>
	<SubTexture name="< bold instance 10002" x="54" y="2" width="50" height="77"/>
	<SubTexture name="< bold instance 10003" x="54" y="2" width="50" height="77"/>
	<SubTexture name="< normal instance 10000" x="317" y="403" width="38" height="56"/>
	<SubTexture name="< normal instance 10001" x="317" y="403" width="38" height="56"/>
	<SubTexture name="< normal instance 10002" x="459" y="405" width="38" height="56"/>
	<SubTexture name="< normal instance 10003" x="459" y="405" width="38" height="56"/>
	<SubTexture name="> bold instance 10000" x="106" y="2" width="50" height="77"/>
	<SubTexture name="> bold instance 10001" x="106" y="2" width="50" height="77"/>
	<SubTexture name="> bold instance 10002" x="158" y="2" width="50" height="77"/>
	<SubTexture name="> bold instance 10003" x="158" y="2" width="50" height="77"/>
	<SubTexture name="> normal instance 10000" x="745" y="344" width="39" height="61"/>
	<SubTexture name="> normal instance 10001" x="745" y="344" width="39" height="61"/>
	<SubTexture name="> normal instance 10002" x="786" y="344" width="39" height="61"/>
	<SubTexture name="> normal instance 10003" x="786" y="344" width="39" height="61"/>
	<SubTexture name="@ normal instance 10000" x="409" y="210" width="52" height="56"/>
	<SubTexture name="@ normal instance 10001" x="409" y="210" width="52" height="56"/>
	<SubTexture name="@ normal instance 10002" x="562" y="213" width="52" height="56"/>
	<SubTexture name="@ normal instance 10003" x="562" y="213" width="52" height="56"/>
	<SubTexture name="[ normal instance 10000" x="65" y="564" width="25" height="61" frameX="0" frameY="-1" frameWidth="25" frameHeight="62"/>
	<SubTexture name="[ normal instance 10001" x="65" y="564" width="25" height="61" frameX="0" frameY="-1" frameWidth="25" frameHeight="62"/>
	<SubTexture name="[ normal instance 10002" x="366" y="560" width="25" height="62"/>
	<SubTexture name="[ normal instance 10003" x="366" y="560" width="25" height="62"/>
	<SubTexture name="] normal instance 10000" x="994" y="332" width="26" height="63"/>
	<SubTexture name="] normal instance 10001" x="994" y="332" width="26" height="63"/>
	<SubTexture name="] normal instance 10002" x="185" y="527" width="25" height="63" frameX="0" frameY="0" frameWidth="26" frameHeight="63"/>
	<SubTexture name="] normal instance 10003" x="185" y="527" width="25" height="63" frameX="0" frameY="0" frameWidth="26" frameHeight="63"/>
	<SubTexture name="^ normal instance 10000" x="119" y="646" width="32" height="28"/>
	<SubTexture name="^ normal instance 10001" x="119" y="646" width="32" height="28"/>
	<SubTexture name="^ normal instance 10002" x="713" y="648" width="32" height="28"/>
	<SubTexture name="^ normal instance 10003" x="713" y="648" width="32" height="28"/>
	<SubTexture name="_ normal instance 10000" x="509" y="665" width="53" height="13"/>
	<SubTexture name="_ normal instance 10001" x="509" y="665" width="53" height="13"/>
	<SubTexture name="_ normal instance 10002" x="414" y="668" width="53" height="13"/>
	<SubTexture name="_ normal instance 10003" x="414" y="668" width="53" height="13"/>
	<SubTexture name="a bold instance 10000" x="550" y="2" width="55" height="68"/>
	<SubTexture name="a bold instance 10001" x="550" y="2" width="55" height="68"/>
	<SubTexture name="a bold instance 10002" x="607" y="2" width="55" height="68"/>
	<SubTexture name="a bold instance 10003" x="607" y="2" width="55" height="68"/>
	<SubTexture name="a lowercase instance 10000" x="430" y="568" width="37" height="39"/>
	<SubTexture name="a lowercase instance 10001" x="430" y="568" width="37" height="39"/>
	<SubTexture name="a lowercase instance 10002" x="121" y="569" width="37" height="39"/>
	<SubTexture name="a lowercase instance 10003" x="121" y="569" width="37" height="39"/>
	<SubTexture name="a uppercase instance 10000" x="707" y="274" width="46" height="60"/>
	<SubTexture name="a uppercase instance 10001" x="707" y="274" width="46" height="60"/>
	<SubTexture name="a uppercase instance 10002" x="859" y="274" width="46" height="60"/>
	<SubTexture name="a uppercase instance 10003" x="859" y="274" width="46" height="60"/>
	<SubTexture name="apostrophe bold instance 10000" x="357" y="624" width="28" height="38" frameX="0" frameY="0" frameWidth="29" frameHeight="38"/>
	<SubTexture name="apostrophe bold instance 10001" x="357" y="624" width="28" height="38" frameX="0" frameY="0" frameWidth="29" frameHeight="38"/>
	<SubTexture name="apostrophe bold instance 10002" x="727" y="608" width="29" height="38"/>
	<SubTexture name="apostrophe bold instance 10003" x="727" y="608" width="29" height="38"/>
	<SubTexture name="apostrophe normal instance 10000" x="827" y="344" width="17" height="28"/>
	<SubTexture name="apostrophe normal instance 10001" x="827" y="344" width="17" height="28"/>
	<SubTexture name="apostrophe normal instance 10002" x="253" y="455" width="17" height="28"/>
	<SubTexture name="apostrophe normal instance 10003" x="253" y="455" width="17" height="28"/>
	<SubTexture name="b bold instance 10000" x="361" y="142" width="46" height="70"/>
	<SubTexture name="b bold instance 10001" x="361" y="142" width="46" height="70"/>
	<SubTexture name="b bold instance 10002" x="514" y="142" width="46" height="70"/>
	<SubTexture name="b bold instance 10003" x="514" y="142" width="46" height="70"/>
	<SubTexture name="b lowercase instance 10000" x="589" y="560" width="31" height="51" frameX="-1" frameY="0" frameWidth="32" frameHeight="51"/>
	<SubTexture name="b lowercase instance 10001" x="589" y="560" width="31" height="51" frameX="-1" frameY="0" frameWidth="32" frameHeight="51"/>
	<SubTexture name="b lowercase instance 10002" x="250" y="555" width="32" height="51"/>
	<SubTexture name="b lowercase instance 10003" x="250" y="555" width="32" height="51"/>
	<SubTexture name="b uppercase instance 10000" x="610" y="350" width="38" height="59"/>
	<SubTexture name="b uppercase instance 10001" x="610" y="350" width="38" height="59"/>
	<SubTexture name="b uppercase instance 10002" x="2" y="352" width="38" height="59"/>
	<SubTexture name="b uppercase instance 10003" x="2" y="352" width="38" height="59"/>
	<SubTexture name="back slash normal instance 10000" x="183" y="295" width="43" height="60"/>
	<SubTexture name="back slash normal instance 10001" x="183" y="295" width="43" height="60"/>
	<SubTexture name="back slash normal instance 10002" x="522" y="330" width="43" height="59" frameX="0" frameY="0" frameWidth="43" frameHeight="60"/>
	<SubTexture name="back slash normal instance 10003" x="522" y="330" width="43" height="59" frameX="0" frameY="0" frameWidth="43" frameHeight="60"/>
	<SubTexture name="c bold instance 10000" x="837" y="2" width="55" height="67"/>
	<SubTexture name="c bold instance 10001" x="837" y="2" width="55" height="67"/>
	<SubTexture name="c bold instance 10002" x="492" y="71" width="55" height="65" frameX="0" frameY="-2" frameWidth="55" frameHeight="67"/>
	<SubTexture name="c bold instance 10003" x="492" y="71" width="55" height="65" frameX="0" frameY="-2" frameWidth="55" frameHeight="67"/>
	<SubTexture name="c lowercase instance 10000" x="121" y="610" width="33" height="34"/>
	<SubTexture name="c lowercase instance 10001" x="121" y="610" width="33" height="34"/>
	<SubTexture name="c lowercase instance 10002" x="578" y="613" width="33" height="34"/>
	<SubTexture name="c lowercase instance 10003" x="578" y="613" width="33" height="34"/>
	<SubTexture name="c uppercase instance 10000" x="606" y="291" width="46" height="57"/>
	<SubTexture name="c uppercase instance 10001" x="606" y="291" width="46" height="57"/>
	<SubTexture name="c uppercase instance 10002" x="321" y="292" width="46" height="57"/>
	<SubTexture name="c uppercase instance 10003" x="321" y="292" width="46" height="57"/>
	<SubTexture name="comma normal instance 10000" x="869" y="394" width="20" height="24"/>
	<SubTexture name="comma normal instance 10001" x="869" y="394" width="20" height="24"/>
	<SubTexture name="comma normal instance 10002" x="476" y="463" width="20" height="24"/>
	<SubTexture name="comma normal instance 10003" x="476" y="463" width="20" height="24"/>
	<SubTexture name="d bold instance 10000" x="832" y="71" width="53" height="67"/>
	<SubTexture name="d bold instance 10001" x="832" y="71" width="53" height="67"/>
	<SubTexture name="d bold instance 10002" x="952" y="71" width="53" height="67"/>
	<SubTexture name="d bold instance 10003" x="952" y="71" width="53" height="67"/>
	<SubTexture name="d lowercase instance 10000" x="555" y="521" width="32" height="54"/>
	<SubTexture name="d lowercase instance 10001" x="555" y="521" width="32" height="54"/>
	<SubTexture name="d lowercase instance 10002" x="2" y="527" width="32" height="54"/>
	<SubTexture name="d lowercase instance 10003" x="2" y="527" width="32" height="54"/>
	<SubTexture name="d uppercase instance 10000" x="555" y="271" width="49" height="57"/>
	<SubTexture name="d uppercase instance 10001" x="555" y="271" width="49" height="57"/>
	<SubTexture name="d uppercase instance 10002" x="960" y="273" width="49" height="57"/>
	<SubTexture name="d uppercase instance 10003" x="960" y="273" width="49" height="57"/>
	<SubTexture name="e bold instance 10000" x="463" y="211" width="44" height="66"/>
	<SubTexture name="e bold instance 10001" x="463" y="211" width="44" height="66"/>
	<SubTexture name="e bold instance 10002" x="661" y="212" width="44" height="66"/>
	<SubTexture name="e bold instance 10003" x="661" y="212" width="44" height="66"/>
	<SubTexture name="e lowercase instance 10000" x="191" y="608" width="33" height="37"/>
	<SubTexture name="e lowercase instance 10001" x="191" y="608" width="33" height="37"/>
	<SubTexture name="e lowercase instance 10002" x="226" y="608" width="33" height="37"/>
	<SubTexture name="e lowercase instance 10003" x="226" y="608" width="33" height="37"/>
	<SubTexture name="e uppercase instance 10000" x="40" y="508" width="35" height="53" frameX="0" frameY="0" frameWidth="35" frameHeight="54"/>
	<SubTexture name="e uppercase instance 10001" x="40" y="508" width="35" height="53" frameX="0" frameY="0" frameWidth="35" frameHeight="54"/>
	<SubTexture name="e uppercase instance 10002" x="903" y="508" width="34" height="54" frameX="0" frameY="0" frameWidth="35" frameHeight="54"/>
	<SubTexture name="e uppercase instance 10003" x="903" y="508" width="34" height="54" frameX="0" frameY="0" frameWidth="35" frameHeight="54"/>
	<SubTexture name="end quote bold instance 10000" x="673" y="456" width="39" height="49"/>
	<SubTexture name="end quote bold instance 10001" x="673" y="456" width="39" height="49"/>
	<SubTexture name="end quote bold instance 10002" x="574" y="471" width="39" height="48" frameX="0" frameY="0" frameWidth="39" frameHeight="49"/>
	<SubTexture name="end quote bold instance 10003" x="574" y="471" width="39" height="48" frameX="0" frameY="0" frameWidth="39" frameHeight="49"/>
	<SubTexture name="end quote normal instance 10000" x="535" y="627" width="29" height="36"/>
	<SubTexture name="end quote normal instance 10001" x="535" y="627" width="29" height="36"/>
	<SubTexture name="end quote normal instance 10002" x="2" y="633" width="28" height="36" frameX="0" frameY="0" frameWidth="29" frameHeight="36"/>
	<SubTexture name="end quote normal instance 10003" x="2" y="633" width="28" height="36" frameX="0" frameY="0" frameWidth="29" frameHeight="36"/>
	<SubTexture name="exclamation bold instance 10000" x="951" y="454" width="24" height="79" frameX="0" frameY="0" frameWidth="25" frameHeight="79"/>
	<SubTexture name="exclamation bold instance 10001" x="951" y="454" width="24" height="79" frameX="0" frameY="0" frameWidth="25" frameHeight="79"/>
	<SubTexture name="exclamation bold instance 10002" x="114" y="468" width="24" height="79" frameX="-1" frameY="0" frameWidth="25" frameHeight="79"/>
	<SubTexture name="exclamation bold instance 10003" x="114" y="468" width="24" height="79" frameX="-1" frameY="0" frameWidth="25" frameHeight="79"/>
	<SubTexture name="exclamation normal instance 10000" x="261" y="608" width="17" height="64"/>
	<SubTexture name="exclamation normal instance 10001" x="261" y="608" width="17" height="64"/>
	<SubTexture name="exclamation normal instance 10002" x="33" y="622" width="17" height="64"/>
	<SubTexture name="exclamation normal instance 10003" x="33" y="622" width="17" height="64"/>
	<SubTexture name="f bold instance 10000" x="301" y="210" width="44" height="67" frameX="0" frameY="-1" frameWidth="44" frameHeight="68"/>
	<SubTexture name="f bold instance 10001" x="301" y="210" width="44" height="67" frameX="0" frameY="-1" frameWidth="44" frameHeight="68"/>
	<SubTexture name="f bold instance 10002" x="759" y="208" width="44" height="68"/>
	<SubTexture name="f bold instance 10003" x="759" y="208" width="44" height="68"/>
	<SubTexture name="f lowercase instance 10000" x="859" y="600" width="27" height="49"/>
	<SubTexture name="f lowercase instance 10001" x="859" y="600" width="27" height="49"/>
	<SubTexture name="f lowercase instance 10002" x="329" y="606" width="26" height="48" frameX="-1" frameY="0" frameWidth="27" frameHeight="49"/>
	<SubTexture name="f lowercase instance 10003" x="329" y="606" width="26" height="48" frameX="-1" frameY="0" frameWidth="27" frameHeight="49"/>
	<SubTexture name="f uppercase instance 10000" x="2" y="473" width="36" height="52"/>
	<SubTexture name="f uppercase instance 10001" x="2" y="473" width="36" height="52"/>
	<SubTexture name="f uppercase instance 10002" x="253" y="501" width="36" height="52"/>
	<SubTexture name="f uppercase instance 10003" x="253" y="501" width="36" height="52"/>
	<SubTexture name="forward slash normal instance 10000" x="431" y="279" width="46" height="58"/>
	<SubTexture name="forward slash normal instance 10001" x="431" y="279" width="46" height="58"/>
	<SubTexture name="forward slash normal instance 10002" x="656" y="280" width="46" height="58"/>
	<SubTexture name="forward slash normal instance 10003" x="656" y="280" width="46" height="58"/>
	<SubTexture name="g bold instance 10000" x="210" y="2" width="54" height="71"/>
	<SubTexture name="g bold instance 10001" x="210" y="2" width="54" height="71"/>
	<SubTexture name="g bold instance 10002" x="266" y="2" width="54" height="71"/>
	<SubTexture name="g bold instance 10003" x="266" y="2" width="54" height="71"/>
	<SubTexture name="g lowercase instance 10000" x="759" y="596" width="33" height="42"/>
	<SubTexture name="g lowercase instance 10001" x="759" y="596" width="33" height="42"/>
	<SubTexture name="g lowercase instance 10002" x="794" y="596" width="33" height="42"/>
	<SubTexture name="g lowercase instance 10003" x="794" y="596" width="33" height="42"/>
	<SubTexture name="g uppercase instance 10000" x="848" y="336" width="44" height="56"/>
	<SubTexture name="g uppercase instance 10001" x="848" y="336" width="44" height="56"/>
	<SubTexture name="g uppercase instance 10002" x="369" y="337" width="44" height="56"/>
	<SubTexture name="g uppercase instance 10003" x="369" y="337" width="44" height="56"/>
	<SubTexture name="h bold instance 10000" x="865" y="205" width="45" height="67"/>
	<SubTexture name="h bold instance 10001" x="865" y="205" width="45" height="67"/>
	<SubTexture name="h bold instance 10002" x="812" y="206" width="45" height="67"/>
	<SubTexture name="h bold instance 10003" x="812" y="206" width="45" height="67"/>
	<SubTexture name="h lowercase instance 10000" x="651" y="564" width="30" height="49"/>
	<SubTexture name="h lowercase instance 10001" x="651" y="564" width="30" height="49"/>
	<SubTexture name="h lowercase instance 10002" x="547" y="577" width="29" height="48" frameX="-1" frameY="0" frameWidth="30" frameHeight="49"/>
	<SubTexture name="h lowercase instance 10003" x="547" y="577" width="29" height="48" frameX="-1" frameY="0" frameWidth="30" frameHeight="49"/>
	<SubTexture name="h uppercase instance 10000" x="939" y="535" width="32" height="53"/>
	<SubTexture name="h uppercase instance 10001" x="939" y="535" width="32" height="53"/>
	<SubTexture name="h uppercase instance 10002" x="869" y="546" width="32" height="52" frameX="0" frameY="0" frameWidth="32" frameHeight="53"/>
	<SubTexture name="h uppercase instance 10003" x="869" y="546" width="32" height="52" frameX="0" frameY="0" frameWidth="32" frameHeight="53"/>
	<SubTexture name="i bold instance 10000" x="509" y="214" width="44" height="65"/>
	<SubTexture name="i bold instance 10001" x="509" y="214" width="44" height="65"/>
	<SubTexture name="i bold instance 10002" x="50" y="215" width="44" height="65"/>
	<SubTexture name="i bold instance 10003" x="50" y="215" width="44" height="65"/>
	<SubTexture name="i lowercase instance 10000" x="1007" y="75" width="13" height="43"/>
	<SubTexture name="i lowercase instance 10001" x="1007" y="75" width="13" height="43"/>
	<SubTexture name="i lowercase instance 10002" x="1009" y="207" width="13" height="42" frameX="0" frameY="0" frameWidth="13" frameHeight="43"/>
	<SubTexture name="i lowercase instance 10003" x="1009" y="207" width="13" height="42" frameX="0" frameY="0" frameWidth="13" frameHeight="43"/>
	<SubTexture name="i uppercase instance 10000" x="536" y="462" width="36" height="53"/>
	<SubTexture name="i uppercase instance 10001" x="536" y="462" width="36" height="53"/>
	<SubTexture name="i uppercase instance 10002" x="794" y="501" width="36" height="52" frameX="0" frameY="-1" frameWidth="36" frameHeight="53"/>
	<SubTexture name="i uppercase instance 10003" x="794" y="501" width="36" height="52" frameX="0" frameY="-1" frameWidth="36" frameHeight="53"/>
	<SubTexture name="j bold instance 10000" x="322" y="2" width="54" height="71"/>
	<SubTexture name="j bold instance 10001" x="322" y="2" width="54" height="71"/>
	<SubTexture name="j bold instance 10002" x="378" y="2" width="54" height="71"/>
	<SubTexture name="j bold instance 10003" x="378" y="2" width="54" height="71"/>
	<SubTexture name="j lowercase instance 10000" x="829" y="596" width="28" height="48" frameX="0" frameY="0" frameWidth="29" frameHeight="48"/>
	<SubTexture name="j lowercase instance 10001" x="829" y="596" width="28" height="48" frameX="0" frameY="0" frameWidth="29" frameHeight="48"/>
	<SubTexture name="j lowercase instance 10002" x="2" y="583" width="29" height="48"/>
	<SubTexture name="j lowercase instance 10003" x="2" y="583" width="29" height="48"/>
	<SubTexture name="j uppercase instance 10000" x="737" y="407" width="39" height="54"/>
	<SubTexture name="j uppercase instance 10001" x="737" y="407" width="39" height="54"/>
	<SubTexture name="j uppercase instance 10002" x="778" y="407" width="39" height="54"/>
	<SubTexture name="j uppercase instance 10003" x="778" y="407" width="39" height="54"/>
	<SubTexture name="k bold instance 10000" x="255" y="151" width="44" height="69" frameX="0" frameY="0" frameWidth="44" frameHeight="70"/>
	<SubTexture name="k bold instance 10001" x="255" y="151" width="44" height="69" frameX="0" frameY="0" frameWidth="44" frameHeight="70"/>
	<SubTexture name="k bold instance 10002" x="209" y="146" width="44" height="70"/>
	<SubTexture name="k bold instance 10003" x="209" y="146" width="44" height="70"/>
	<SubTexture name="k lowercase instance 10000" x="832" y="546" width="35" height="48"/>
	<SubTexture name="k lowercase instance 10001" x="832" y="546" width="35" height="48"/>
	<SubTexture name="k lowercase instance 10002" x="291" y="553" width="35" height="48"/>
	<SubTexture name="k lowercase instance 10003" x="291" y="553" width="35" height="48"/>
	<SubTexture name="k uppercase instance 10000" x="476" y="505" width="36" height="52"/>
	<SubTexture name="k uppercase instance 10001" x="476" y="505" width="36" height="52"/>
	<SubTexture name="k uppercase instance 10002" x="615" y="506" width="36" height="52"/>
	<SubTexture name="k uppercase instance 10003" x="615" y="506" width="36" height="52"/>
	<SubTexture name="l bold instance 10000" x="805" y="275" width="41" height="67" frameX="0" frameY="0" frameWidth="42" frameHeight="67"/>
	<SubTexture name="l bold instance 10001" x="805" y="275" width="41" height="67" frameX="0" frameY="0" frameWidth="42" frameHeight="67"/>
	<SubTexture name="l bold instance 10002" x="387" y="268" width="42" height="67"/>
	<SubTexture name="l bold instance 10003" x="387" y="268" width="42" height="67"/>
	<SubTexture name="l lowercase instance 10000" x="763" y="73" width="10" height="49"/>
	<SubTexture name="l lowercase instance 10001" x="763" y="73" width="10" height="49"/>
	<SubTexture name="l lowercase instance 10002" x="197" y="156" width="10" height="49"/>
	<SubTexture name="l lowercase instance 10003" x="197" y="156" width="10" height="49"/>
	<SubTexture name="l uppercase instance 10000" x="214" y="509" width="34" height="54"/>
	<SubTexture name="l uppercase instance 10001" x="214" y="509" width="34" height="54"/>
	<SubTexture name="l uppercase instance 10002" x="689" y="515" width="34" height="52" frameX="0" frameY="-1" frameWidth="34" frameHeight="54"/>
	<SubTexture name="l uppercase instance 10003" x="689" y="515" width="34" height="52" frameX="0" frameY="-1" frameWidth="34" frameHeight="54"/>
	<SubTexture name="m bold instance 10000" x="894" y="67" width="56" height="64"/>
	<SubTexture name="m bold instance 10001" x="894" y="67" width="56" height="64"/>
	<SubTexture name="m bold instance 10002" x="434" y="71" width="56" height="64"/>
	<SubTexture name="m bold instance 10003" x="434" y="71" width="56" height="64"/>
	<SubTexture name="m lowercase instance 10000" x="683" y="612" width="42" height="28"/>
	<SubTexture name="m lowercase instance 10001" x="683" y="612" width="42" height="28"/>
	<SubTexture name="m lowercase instance 10002" x="888" y="621" width="41" height="27" frameX="-1" frameY="-1" frameWidth="42" frameHeight="28"/>
	<SubTexture name="m lowercase instance 10003" x="888" y="621" width="41" height="27" frameX="-1" frameY="-1" frameWidth="42" frameHeight="28"/>
	<SubTexture name="m uppercase instance 10000" x="318" y="351" width="45" height="50"/>
	<SubTexture name="m uppercase instance 10001" x="318" y="351" width="45" height="50"/>
	<SubTexture name="m uppercase instance 10002" x="140" y="359" width="45" height="50"/>
	<SubTexture name="m uppercase instance 10003" x="140" y="359" width="45" height="50"/>
	<SubTexture name="n bold instance 10000" x="102" y="147" width="46" height="66"/>
	<SubTexture name="n bold instance 10001" x="102" y="147" width="46" height="66"/>
	<SubTexture name="n bold instance 10002" x="2" y="150" width="46" height="66"/>
	<SubTexture name="n bold instance 10003" x="2" y="150" width="46" height="66"/>
	<SubTexture name="n lowercase instance 10000" x="648" y="654" width="28" height="31"/>
	<SubTexture name="n lowercase instance 10001" x="648" y="654" width="28" height="31"/>
	<SubTexture name="n lowercase instance 10002" x="313" y="656" width="27" height="31" frameX="0" frameY="0" frameWidth="28" frameHeight="31"/>
	<SubTexture name="n lowercase instance 10003" x="313" y="656" width="27" height="31" frameX="0" frameY="0" frameWidth="28" frameHeight="31"/>
	<SubTexture name="n uppercase instance 10000" x="725" y="556" width="32" height="50"/>
	<SubTexture name="n uppercase instance 10001" x="725" y="556" width="32" height="50"/>
	<SubTexture name="n uppercase instance 10002" x="476" y="559" width="32" height="50"/>
	<SubTexture name="n uppercase instance 10003" x="476" y="559" width="32" height="50"/>
	<SubTexture name="o bold instance 10000" x="711" y="73" width="50" height="69"/>
	<SubTexture name="o bold instance 10001" x="711" y="73" width="50" height="69"/>
	<SubTexture name="o bold instance 10002" x="210" y="75" width="50" height="69"/>
	<SubTexture name="o bold instance 10003" x="210" y="75" width="50" height="69"/>
	<SubTexture name="o lowercase instance 10000" x="280" y="639" width="31" height="33"/>
	<SubTexture name="o lowercase instance 10001" x="280" y="639" width="31" height="33"/>
	<SubTexture name="o lowercase instance 10002" x="758" y="640" width="31" height="33"/>
	<SubTexture name="o lowercase instance 10003" x="758" y="640" width="31" height="33"/>
	<SubTexture name="o uppercase instance 10000" x="468" y="348" width="41" height="55"/>
	<SubTexture name="o uppercase instance 10001" x="468" y="348" width="41" height="55"/>
	<SubTexture name="o uppercase instance 10002" x="567" y="350" width="41" height="55"/>
	<SubTexture name="o uppercase instance 10003" x="567" y="350" width="41" height="55"/>
	<SubTexture name="p bold instance 10000" x="418" y="137" width="46" height="71"/>
	<SubTexture name="p bold instance 10001" x="418" y="137" width="46" height="71"/>
	<SubTexture name="p bold instance 10002" x="466" y="138" width="46" height="71"/>
	<SubTexture name="p bold instance 10003" x="466" y="138" width="46" height="71"/>
	<SubTexture name="p lowercase instance 10000" x="832" y="501" width="28" height="43" frameX="-1" frameY="0" frameWidth="29" frameHeight="43"/>
	<SubTexture name="p lowercase instance 10001" x="832" y="501" width="28" height="43" frameX="-1" frameY="0" frameWidth="29" frameHeight="43"/>
	<SubTexture name="p lowercase instance 10002" x="522" y="281" width="29" height="43"/>
	<SubTexture name="p lowercase instance 10003" x="522" y="281" width="29" height="43"/>
	<SubTexture name="p uppercase instance 10000" x="77" y="511" width="35" height="51"/>
	<SubTexture name="p uppercase instance 10001" x="77" y="511" width="35" height="51"/>
	<SubTexture name="p uppercase instance 10002" x="398" y="511" width="35" height="51"/>
	<SubTexture name="p uppercase instance 10003" x="398" y="511" width="35" height="51"/>
	<SubTexture name="period bold instance 10000" x="865" y="186" width="19" height="17" frameX="0" frameY="-1" frameWidth="19" frameHeight="19"/>
	<SubTexture name="period bold instance 10001" x="865" y="186" width="19" height="17" frameX="0" frameY="-1" frameWidth="19" frameHeight="19"/>
	<SubTexture name="period bold instance 10002" x="869" y="420" width="19" height="19"/>
	<SubTexture name="period bold instance 10003" x="869" y="420" width="19" height="19"/>
	<SubTexture name="period normal instance 10000" x="418" y="117" width="14" height="14"/>
	<SubTexture name="period normal instance 10001" x="418" y="117" width="14" height="14"/>
	<SubTexture name="period normal instance 10002" x="369" y="292" width="14" height="14"/>
	<SubTexture name="period normal instance 10003" x="369" y="292" width="14" height="14"/>
	<SubTexture name="q bold instance 10000" x="603" y="72" width="52" height="68"/>
	<SubTexture name="q bold instance 10001" x="603" y="72" width="52" height="68"/>
	<SubTexture name="q bold instance 10002" x="657" y="73" width="52" height="68"/>
	<SubTexture name="q bold instance 10003" x="657" y="73" width="52" height="68"/>
	<SubTexture name="q lowercase instance 10000" x="973" y="559" width="36" height="44"/>
	<SubTexture name="q lowercase instance 10001" x="973" y="559" width="36" height="44"/>
	<SubTexture name="q lowercase instance 10002" x="328" y="560" width="36" height="44"/>
	<SubTexture name="q lowercase instance 10003" x="328" y="560" width="36" height="44"/>
	<SubTexture name="q uppercase instance 10000" x="694" y="402" width="41" height="52" frameX="0" frameY="0" frameWidth="42" frameHeight="52"/>
	<SubTexture name="q uppercase instance 10001" x="694" y="402" width="41" height="52" frameX="0" frameY="0" frameWidth="42" frameHeight="52"/>
	<SubTexture name="q uppercase instance 10002" x="980" y="397" width="42" height="52"/>
	<SubTexture name="q uppercase instance 10003" x="980" y="397" width="42" height="52"/>
	<SubTexture name="question bold instance 10000" x="262" y="75" width="46" height="74"/>
	<SubTexture name="question bold instance 10001" x="262" y="75" width="46" height="74"/>
	<SubTexture name="question bold instance 10002" x="162" y="81" width="45" height="73" frameX="0" frameY="-1" frameWidth="46" frameHeight="74"/>
	<SubTexture name="question bold instance 10003" x="162" y="81" width="45" height="73" frameX="0" frameY="-1" frameWidth="46" frameHeight="74"/>
	<SubTexture name="question normal instance 10000" x="2" y="285" width="40" height="65"/>
	<SubTexture name="question normal instance 10001" x="2" y="285" width="40" height="65"/>
	<SubTexture name="question normal instance 10002" x="704" y="336" width="39" height="64" frameX="-1" frameY="-1" frameWidth="40" frameHeight="65"/>
	<SubTexture name="question normal instance 10003" x="704" y="336" width="39" height="64" frameX="-1" frameY="-1" frameWidth="40" frameHeight="65"/>
	<SubTexture name="quote bold instance 10000" x="725" y="515" width="45" height="39" frameX="0" frameY="0" frameWidth="46" frameHeight="39"/>
	<SubTexture name="quote bold instance 10001" x="725" y="515" width="45" height="39" frameX="0" frameY="0" frameWidth="46" frameHeight="39"/>
	<SubTexture name="quote bold instance 10002" x="291" y="512" width="46" height="39"/>
	<SubTexture name="quote bold instance 10003" x="291" y="512" width="46" height="39"/>
	<SubTexture name="quote normal instance 10000" x="888" y="650" width="31" height="28" frameX="0" frameY="0" frameWidth="32" frameHeight="28"/>
	<SubTexture name="quote normal instance 10001" x="888" y="650" width="31" height="28" frameX="0" frameY="0" frameWidth="32" frameHeight="28"/>
	<SubTexture name="quote normal instance 10002" x="566" y="649" width="32" height="28"/>
	<SubTexture name="quote normal instance 10003" x="566" y="649" width="32" height="28"/>
	<SubTexture name="r bold instance 10000" x="562" y="142" width="48" height="67"/>
	<SubTexture name="r bold instance 10001" x="562" y="142" width="48" height="67"/>
	<SubTexture name="r bold instance 10002" x="661" y="143" width="47" height="67" frameX="0" frameY="0" frameWidth="48" frameHeight="67"/>
	<SubTexture name="r bold instance 10003" x="661" y="143" width="47" height="67" frameX="0" frameY="0" frameWidth="48" frameHeight="67"/>
	<SubTexture name="r lowercase instance 10000" x="80" y="663" width="25" height="30"/>
	<SubTexture name="r lowercase instance 10001" x="80" y="663" width="25" height="30"/>
	<SubTexture name="r lowercase instance 10002" x="387" y="663" width="25" height="29" frameX="0" frameY="-1" frameWidth="25" frameHeight="30"/>
	<SubTexture name="r lowercase instance 10003" x="387" y="663" width="25" height="29" frameX="0" frameY="-1" frameWidth="25" frameHeight="30"/>
	<SubTexture name="r uppercase instance 10000" x="365" y="395" width="40" height="55"/>
	<SubTexture name="r uppercase instance 10001" x="365" y="395" width="40" height="55"/>
	<SubTexture name="r uppercase instance 10002" x="938" y="397" width="40" height="55"/>
	<SubTexture name="r uppercase instance 10003" x="938" y="397" width="40" height="55"/>
	<SubTexture name="s bold instance 10000" x="936" y="140" width="49" height="66"/>
	<SubTexture name="s bold instance 10001" x="936" y="140" width="49" height="66"/>
	<SubTexture name="s bold instance 10002" x="310" y="142" width="49" height="66"/>
	<SubTexture name="s bold instance 10003" x="310" y="142" width="49" height="66"/>
	<SubTexture name="s lowercase instance 10000" x="931" y="640" width="28" height="36"/>
	<SubTexture name="s lowercase instance 10001" x="931" y="640" width="28" height="36"/>
	<SubTexture name="s lowercase instance 10002" x="683" y="642" width="28" height="36"/>
	<SubTexture name="s lowercase instance 10003" x="683" y="642" width="28" height="36"/>
	<SubTexture name="s uppercase instance 10000" x="232" y="398" width="39" height="55"/>
	<SubTexture name="s uppercase instance 10001" x="232" y="398" width="39" height="55"/>
	<SubTexture name="s uppercase instance 10002" x="131" y="411" width="38" height="55" frameX="-1" frameY="0" frameWidth="39" frameHeight="55"/>
	<SubTexture name="s uppercase instance 10003" x="131" y="411" width="38" height="55" frameX="-1" frameY="0" frameWidth="39" frameHeight="55"/>
	<SubTexture name="start quote bold instance 10000" x="316" y="461" width="39" height="49"/>
	<SubTexture name="start quote bold instance 10001" x="316" y="461" width="39" height="49"/>
	<SubTexture name="start quote bold instance 10002" x="862" y="496" width="39" height="48" frameX="0" frameY="0" frameWidth="39" frameHeight="49"/>
	<SubTexture name="start quote bold instance 10003" x="862" y="496" width="39" height="48" frameX="0" frameY="0" frameWidth="39" frameHeight="49"/>
	<SubTexture name="start quote normal instance 10000" x="791" y="640" width="31" height="33"/>
	<SubTexture name="start quote normal instance 10001" x="791" y="640" width="31" height="33"/>
	<SubTexture name="start quote normal instance 10002" x="156" y="642" width="31" height="33"/>
	<SubTexture name="start quote normal instance 10003" x="156" y="642" width="31" height="33"/>
	<SubTexture name="t bold instance 10000" x="96" y="215" width="44" height="65"/>
	<SubTexture name="t bold instance 10001" x="96" y="215" width="44" height="65"/>
	<SubTexture name="t bold instance 10002" x="2" y="218" width="44" height="65"/>
	<SubTexture name="t bold instance 10003" x="2" y="218" width="44" height="65"/>
	<SubTexture name="t lowercase instance 10000" x="931" y="590" width="29" height="48"/>
	<SubTexture name="t lowercase instance 10001" x="931" y="590" width="29" height="48"/>
	<SubTexture name="t lowercase instance 10002" x="160" y="592" width="29" height="48"/>
	<SubTexture name="t lowercase instance 10003" x="160" y="592" width="29" height="48"/>
	<SubTexture name="t uppercase instance 10000" x="42" y="398" width="43" height="51"/>
	<SubTexture name="t uppercase instance 10001" x="42" y="398" width="43" height="51"/>
	<SubTexture name="t uppercase instance 10002" x="273" y="398" width="42" height="51" frameX="0" frameY="0" frameWidth="43" frameHeight="51"/>
	<SubTexture name="t uppercase instance 10003" x="273" y="398" width="42" height="51" frameX="0" frameY="0" frameWidth="43" frameHeight="51"/>
	<SubTexture name="u bold instance 10000" x="48" y="282" width="44" height="60"/>
	<SubTexture name="u bold instance 10001" x="48" y="282" width="44" height="60"/>
	<SubTexture name="u bold instance 10002" x="94" y="282" width="44" height="60"/>
	<SubTexture name="u bold instance 10003" x="94" y="282" width="44" height="60"/>
	<SubTexture name="u lowercase instance 10000" x="86" y="627" width="31" height="34" frameX="-1" frameY="0" frameWidth="32" frameHeight="34"/>
	<SubTexture name="u lowercase instance 10001" x="86" y="627" width="31" height="34" frameX="-1" frameY="0" frameWidth="32" frameHeight="34"/>
	<SubTexture name="u lowercase instance 10002" x="52" y="627" width="32" height="33" frameX="0" frameY="0" frameWidth="32" frameHeight="34"/>
	<SubTexture name="u lowercase instance 10003" x="52" y="627" width="32" height="33" frameX="0" frameY="0" frameWidth="32" frameHeight="34"/>
	<SubTexture name="u uppercase instance 10000" x="714" y="463" width="38" height="50"/>
	<SubTexture name="u uppercase instance 10001" x="714" y="463" width="38" height="50"/>
	<SubTexture name="u uppercase instance 10002" x="754" y="463" width="38" height="50"/>
	<SubTexture name="u uppercase instance 10003" x="754" y="463" width="38" height="50"/>
	<SubTexture name="v bold instance 10000" x="954" y="2" width="54" height="67"/>
	<SubTexture name="v bold instance 10001" x="954" y="2" width="54" height="67"/>
	<SubTexture name="v bold instance 10002" x="776" y="67" width="54" height="67"/>
	<SubTexture name="v bold instance 10003" x="776" y="67" width="54" height="67"/>
	<SubTexture name="v lowercase instance 10000" x="962" y="638" width="32" height="32"/>
	<SubTexture name="v lowercase instance 10001" x="962" y="638" width="32" height="32"/>
	<SubTexture name="v lowercase instance 10002" x="232" y="365" width="32" height="31" frameX="0" frameY="0" frameWidth="32" frameHeight="32"/>
	<SubTexture name="v lowercase instance 10003" x="232" y="365" width="32" height="31" frameX="0" frameY="0" frameWidth="32" frameHeight="32"/>
	<SubTexture name="v uppercase instance 10000" x="273" y="451" width="41" height="48"/>
	<SubTexture name="v uppercase instance 10001" x="273" y="451" width="41" height="48"/>
	<SubTexture name="v uppercase instance 10002" x="819" y="451" width="41" height="48"/>
	<SubTexture name="v uppercase instance 10003" x="819" y="451" width="41" height="48"/>
	<SubTexture name="w bold instance 10000" x="776" y="2" width="59" height="63"/>
	<SubTexture name="w bold instance 10001" x="776" y="2" width="59" height="63"/>
	<SubTexture name="w bold instance 10002" x="894" y="2" width="58" height="63" frameX="-1" frameY="0" frameWidth="59" frameHeight="63"/>
	<SubTexture name="w bold instance 10003" x="894" y="2" width="58" height="63" frameX="-1" frameY="0" frameWidth="59" frameHeight="63"/>
	<SubTexture name="w lowercase instance 10000" x="962" y="605" width="43" height="31"/>
	<SubTexture name="w lowercase instance 10001" x="962" y="605" width="43" height="31"/>
	<SubTexture name="w lowercase instance 10002" x="284" y="606" width="43" height="31"/>
	<SubTexture name="w lowercase instance 10003" x="284" y="606" width="43" height="31"/>
	<SubTexture name="w uppercase instance 10000" x="92" y="344" width="46" height="52"/>
	<SubTexture name="w uppercase instance 10001" x="92" y="344" width="46" height="52"/>
	<SubTexture name="w uppercase instance 10002" x="270" y="345" width="46" height="51" frameX="0" frameY="-1" frameWidth="46" frameHeight="52"/>
	<SubTexture name="w uppercase instance 10003" x="270" y="345" width="46" height="51" frameX="0" frameY="-1" frameWidth="46" frameHeight="52"/>
	<SubTexture name="x bold instance 10000" x="434" y="2" width="56" height="67"/>
	<SubTexture name="x bold instance 10001" x="434" y="2" width="56" height="67"/>
	<SubTexture name="x bold instance 10002" x="492" y="2" width="56" height="67"/>
	<SubTexture name="x bold instance 10003" x="492" y="2" width="56" height="67"/>
	<SubTexture name="x lowercase instance 10000" x="613" y="619" width="33" height="34"/>
	<SubTexture name="x lowercase instance 10001" x="613" y="619" width="33" height="34"/>
	<SubTexture name="x lowercase instance 10002" x="648" y="619" width="33" height="33" frameX="0" frameY="-1" frameWidth="33" frameHeight="34"/>
	<SubTexture name="x lowercase instance 10003" x="648" y="619" width="33" height="33" frameX="0" frameY="-1" frameWidth="33" frameHeight="34"/>
	<SubTexture name="x uppercase instance 10000" x="511" y="391" width="42" height="53"/>
	<SubTexture name="x uppercase instance 10001" x="511" y="391" width="42" height="53"/>
	<SubTexture name="x uppercase instance 10002" x="650" y="394" width="42" height="53"/>
	<SubTexture name="x uppercase instance 10003" x="650" y="394" width="42" height="53"/>
	<SubTexture name="y bold instance 10000" x="664" y="2" width="54" height="69"/>
	<SubTexture name="y bold instance 10001" x="664" y="2" width="54" height="69"/>
	<SubTexture name="y bold instance 10002" x="720" y="2" width="54" height="69"/>
	<SubTexture name="y bold instance 10003" x="720" y="2" width="54" height="69"/>
	<SubTexture name="y lowercase instance 10000" x="393" y="564" width="35" height="42"/>
	<SubTexture name="y lowercase instance 10001" x="393" y="564" width="35" height="42"/>
	<SubTexture name="y lowercase instance 10002" x="510" y="564" width="35" height="42"/>
	<SubTexture name="y lowercase instance 10003" x="510" y="564" width="35" height="42"/>
	<SubTexture name="y uppercase instance 10000" x="187" y="365" width="43" height="52"/>
	<SubTexture name="y uppercase instance 10001" x="187" y="365" width="43" height="52"/>
	<SubTexture name="y uppercase instance 10002" x="87" y="398" width="42" height="52" frameX="-1" frameY="0" frameWidth="43" frameHeight="52"/>
	<SubTexture name="y uppercase instance 10003" x="87" y="398" width="42" height="52" frameX="-1" frameY="0" frameWidth="43" frameHeight="52"/>
	<SubTexture name="z bold instance 10000" x="310" y="75" width="52" height="65"/>
	<SubTexture name="z bold instance 10001" x="310" y="75" width="52" height="65"/>
	<SubTexture name="z bold instance 10002" x="364" y="75" width="52" height="65"/>
	<SubTexture name="z bold instance 10003" x="364" y="75" width="52" height="65"/>
	<SubTexture name="z lowercase instance 10000" x="458" y="611" width="38" height="31" frameX="0" frameY="0" frameWidth="38" frameHeight="32"/>
	<SubTexture name="z lowercase instance 10001" x="458" y="611" width="38" height="31" frameX="0" frameY="0" frameWidth="38" frameHeight="32"/>
	<SubTexture name="z lowercase instance 10002" x="418" y="609" width="38" height="32"/>
	<SubTexture name="z lowercase instance 10003" x="418" y="609" width="38" height="32"/>
	<SubTexture name="z uppercase instance 10000" x="977" y="510" width="39" height="47"/>
	<SubTexture name="z uppercase instance 10001" x="977" y="510" width="39" height="47"/>
	<SubTexture name="z uppercase instance 10002" x="357" y="511" width="39" height="47"/>
	<SubTexture name="z uppercase instance 10003" x="357" y="511" width="39" height="47"/>
	<SubTexture name="| normal instance 10000" x="1010" y="2" width="12" height="71"/>
	<SubTexture name="| normal instance 10001" x="1010" y="2" width="12" height="71"/>
	<SubTexture name="| normal instance 10002" x="1007" y="605" width="12" height="70" frameX="0" frameY="0" frameWidth="12" frameHeight="71"/>
	<SubTexture name="| normal instance 10003" x="1007" y="605" width="12" height="70" frameX="0" frameY="0" frameWidth="12" frameHeight="71"/>
	<SubTexture name="~ normal instance 10000" x="464" y="644" width="43" height="22" frameX="0" frameY="0" frameWidth="44" frameHeight="22"/>
	<SubTexture name="~ normal instance 10001" x="464" y="644" width="43" height="22" frameX="0" frameY="0" frameWidth="44" frameHeight="22"/>
	<SubTexture name="~ normal instance 10002" x="418" y="644" width="44" height="22"/>
	<SubTexture name="~ normal instance 10003" x="418" y="644" width="44" height="22"/>
</TextureAtlas>
