﻿<?xml version="1.0" encoding="utf-8"?>
<TextureAtlas imagePath="chart_quant.png">
	<!-- Created with Adobe Animate version 21.0.5.40714 -->
	<!-- http://www.adobe.com/products/animate.html -->
	<SubTexture name="chart_quant0000" x="1" y="1" width="26" height="20"/>
	<SubTexture name="chart_quant0001" x="28" y="1" width="26" height="20"/>
	<SubTexture name="chart_quant0002" x="55" y="1" width="26" height="20"/>
	<SubTexture name="chart_quant0003" x="82" y="1" width="26" height="20"/>
	<SubTexture name="chart_quant0004" x="1" y="22" width="26" height="20"/>
	<SubTexture name="chart_quant0005" x="28" y="22" width="26" height="20"/>
	<SubTexture name="chart_quant0006" x="55" y="22" width="26" height="20"/>
	<SubTexture name="chart_quant0007" x="82" y="22" width="26" height="20"/>
	<SubTexture name="chart_quant0008" x="1" y="43" width="26" height="20"/>
	<SubTexture name="chart_quant0009" x="1" y="22" width="26" height="20"/>
	<SubTexture name="chart_quant0010" x="1" y="22" width="26" height="20"/>
</TextureAtlas>
